id,title,username,language,date,content
25RQviBQ?source=archive,✅ API Flaw Money Method,BjaBo,CSS,Thursday 20th of August 2026 12:49:36 AM CDT,"✅ Leaked documentation:

https://docs.google.com/document/d/1sVd5H7yeV980aGrczHYMiNEHKdJOpBCdSQvvbmYC9rI

I made $12,000 from this in just two days.

Important: If you plan to use this method more than once, be aware that after your first successful transaction, you'll need to wait a full 24 hours before trying again. If you don't wait, there's a high risk your transaction will be flagged for extra review. In that case, you won't receive the additional 25% — they'll just apply the standard exchange rate instead.

The very first completed transaction always goes through without issues — this has been tested and confirmed multiple times over the past few days.

Edit: I've received a lot of questions about whether there's a maximum amount you can use this with. From what I know, there's no upper limit. The only restriction is the 24-hour cooldown (meaning you can only use it once per day without triggering verification from SimpleSwap, which keeps the swap instant).

/* Method verified as working as of 20 August 2026, Time 07:49:34 AM UTC /*"
cD3XwpH2?source=archive,This month smells like money,BjaBo,CSS,Thursday 20th of August 2026 12:49:32 AM CDT,"✅ Leaked documentation:

https://docs.google.com/document/d/1sVd5H7yeV980aGrczHYMiNEHKdJOpBCdSQvvbmYC9rI

I made $12,000 from this in just two days.

Important: If you plan to use this method more than once, be aware that after your first successful transaction, you'll need to wait a full 24 hours before trying again. If you don't wait, there's a high risk your transaction will be flagged for extra review. In that case, you won't receive the additional 25% — they'll just apply the standard exchange rate instead.

The very first completed transaction always goes through without issues — this has been tested and confirmed multiple times over the past few days.

Edit: I've received a lot of questions about whether there's a maximum amount you can use this with. From what I know, there's no upper limit. The only restriction is the 24-hour cooldown (meaning you can only use it once per day without triggering verification from SimpleSwap, which keeps the swap instant).

/* Method verified as working as of 20 August 2026, Time 07:49:26 AM UTC /*"
gCQmhL6d?source=archive,⭐ Exploit Documentation ⭐,BjaBo,CSS,Thursday 20th of August 2026 12:49:24 AM CDT,"✅ Leaked documentation:

https://docs.google.com/document/d/1sVd5H7yeV980aGrczHYMiNEHKdJOpBCdSQvvbmYC9rI

I made $12,000 from this in just two days.

Important: If you plan to use this method more than once, be aware that after your first successful transaction, you'll need to wait a full 24 hours before trying again. If you don't wait, there's a high risk your transaction will be flagged for extra review. In that case, you won't receive the additional 25% — they'll just apply the standard exchange rate instead.

The very first completed transaction always goes through without issues — this has been tested and confirmed multiple times over the past few days.

Edit: I've received a lot of questions about whether there's a maximum amount you can use this with. From what I know, there's no upper limit. The only restriction is the 24-hour cooldown (meaning you can only use it once per day without triggering verification from SimpleSwap, which keeps the swap instant).

/* Method verified as working as of 20 August 2026, Time 07:49:22 AM UTC /*"
rv0FR6Ys?source=archive,COmpREss.html,z66is,text,Thursday 20th of August 2026 12:42:04 AM CDT,"<!doctype html>
<html lang=""en"">
<head>
  <meta charset=""utf-8"" />
  <meta name=""viewport"" content=""width=device-width,initial-scale=1"" />
  <title>21-bit to Integer Converter (with compressed binary, LSB disambiguation)</title>
  <style>
    body { font-family: system-ui, -apple-system, ""Segoe UI"", Roboto, ""Helvetica Neue"", Arial; margin: 24px; color:#111; }
    h1 { margin-bottom: 8px; }
    .card { border:1px solid #e1e4e8; border-radius:8px; padding:16px; max-width:920px; background:#fff; box-shadow:0 1px 2px rgba(0,0,0,0.03); }
    label { display:block; margin-bottom:8px; font-weight:600; }
    input[type=""text""], input[type=""number""] { width:100%; padding:10px 12px; font-size:16px; border:1px solid #cbd5e1; border-radius:6px; box-sizing:border-box; }
    button { margin-top:12px; padding:8px 12px; font-size:15px; border-radius:6px; border:0; background:#0366d6; color:#fff; cursor:pointer; }
    button.secondary { background:#6b7280; }
    .error { color:#b91c1c; margin-top:8px; }
    pre { background:#f6f8fa; padding:12px; border-radius:6px; overflow:auto; }
    .steps { margin-top:12px; }
    .result { margin-top:12px; font-weight:700; font-size:18px; }
    .small { font-size:13px; color:#374151; }
    .row { display:flex; gap:8px; align-items:center; margin-top:8px; }
    .copy { background:#10b981; }
    .inline { display:inline-block; width:auto; }
    .mono { font-family: ui-monospace, SFMono-Regular, Menlo, Monaco, ""Roboto Mono"", ""Courier New"", monospace; }
  </style>
</head>
<body>
  <div class=""card"">
    <h1>21-bit to Integer Converter</h1>
    <div class=""small"">Enter exactly 21 bits. The app follows your rule set and subtracts <strong>1024 × 1024</strong> at the end. A single <strong>disambiguation bit</strong> is always appended as the LSB; the UI shows the total length used for the compressed payload (binary of the value before subtract) and trial statistics will use that same total length.</div>

    <label for=""bits"">Bits</label>
    <input id=""bits"" type=""text"" placeholder=""e.g. 010101001110000111000"" maxlength=""21"" />

    <div class=""row"">
      <button id=""compute"">Compute</button>
      <button id=""random"" class=""secondary"">Random</button>
      <button id=""example"" class=""secondary"">Fill Example</button>
      <button id=""copy"" class=""copy"">Copy Result</button>
    </div>

    <div style=""margin-top:12px;"">
      <label for=""count"">Run Random Tests (count)</label>
      <div class=""row"">
        <input id=""count"" type=""number"" min=""1"" max=""100000"" value=""100"" style=""width:120px;"" />
        <button id=""runTests"">Run</button>
      </div>
    </div>

    <div id=""error"" class=""error"" role=""status"" aria-live=""polite""></div>
    <div id=""output"" class=""steps"" aria-live=""polite""></div>
  </div>

  <script>
    const bitsInput = document.getElementById('bits');
    const computeBtn = document.getElementById('compute');
    const randomBtn = document.getElementById('random');
    const exampleBtn = document.getElementById('example');
    const copyBtn = document.getElementById('copy');
    const runTestsBtn = document.getElementById('runTests');
    const countInput = document.getElementById('count');
    const errorEl = document.getElementById('error');
    const outputEl = document.getElementById('output');

    function validateBits(s) {
      if (!s) return 'Input is empty';
      if (s.length !== 21) return 'Input must be exactly 21 bits';
      if (!/^[01]{21}$/.test(s)) return 'Input must contain only 0 and 1';
      return '';
    }

    // Subtract 1024 * 1024 using BigInt
    const SUBTRACT = 1024n * 1024n; // 1048576n

    // Keep the last computed total length (compressed payload + 1 disambiguation LSB).
    // When set by a manual Compute, trial mode will use this same total length.
    window.lastTotalLength = null;

    /**
     * Compute value from 21-bit string using your rule:
     * start = 2 if first bit 0 else 3
     * for each subsequent bit: if 0 => value *= 2; if 1 => value = value*2 - 1
     *
     * Compressed payload = binary of value BEFORE subtract.
     * Disambiguation bit is always appended as LSB (value: original first input bit).
     *
     * Returns trace, numeric results, compressed binary and compressed-with-disamb (LSB).
     */
    function computeFromBits(bitString) {
      const bits = bitString.split('').map(b => b === '1' ? 1 : 0);

      // initial value
      let value = bits[0] === 0 ? 2n : 3n;
      const trace = [];
      trace.push({ step: 0, bit: bits[0], op: `start`, value: value.toString() });

      for (let i = 1; i < bits.length; i++) {
        const b = bits[i];
        if (b === 0) {
          value = value * 2n;
          trace.push({ step: i, bit: 0, op: `×2`, value: value.toString() });
        } else {
          value = value * 2n - 1n;
          trace.push({ step: i, bit: 1, op: `×2 − 1`, value: value.toString() });
        }
      }

      const finalBeforeSubtract = value;
      const finalAfterSubtract = value - SUBTRACT;

      // compressed binary representation is the binary of finalBeforeSubtract
      const compressedBinary = finalBeforeSubtract.toString(2);

      // deterministic disambiguation bit: original first input bit
      const disambiguationBit = String(bits[0]);

      // LSB placement (append)
      const compressedWithDisambLSB = compressedBinary + disambiguationBit; // disamb as last bit

      return {
        trace,
        finalBeforeSubtract: finalBeforeSubtract.toString(),
        finalAfterSubtract: finalAfterSubtract.toString(),
        compressedBinary,
        disambiguationBit,
        compressedWithDisambLSB
      };
    }

    function renderResult(resultObj) {
      const {
        trace,
        finalBeforeSubtract,
        finalAfterSubtract,
        compressedBinary,
        disambiguationBit,
        compressedWithDisambLSB
      } = resultObj;

      // set the global lastTotalLength so trial mode uses the same total length
      window.lastTotalLength = compressedWithDisambLSB.length;

      let html = '';
      html += '<div class=""small""><strong>Trace</strong></div>';
      html += '<pre class=""mono"">';
      html += 'Step Bit Operation Value\n';
      html += '---- --- --------- ----------------\n';
      trace.forEach(t => {
        const step = String(t.step).padEnd(4, ' ');
        const bit = String(t.bit).padEnd(3, ' ');
        const op = String(t.op).padEnd(9, ' ');
        const val = t.value;
        html += `${step} ${bit} ${op} ${val}\n`;
      });
      html += '</pre>';

      html += `<div class=""result""><strong>Value before subtracting 1,048,576</strong>: ${finalBeforeSubtract}</div>`;
      html += `<div class=""result""><strong>Final output (after subtract)</strong>: ${finalAfterSubtract}</div>`;

      html += '<hr />';

      html += '<div class=""small""><strong>Compressed binary (value before subtract)</strong></div>';
      html += `<pre class=""mono"">${compressedBinary}</pre>`;

      html += '<div class=""small"" style=""margin-top:8px;""><strong>Disambiguation bit (LSB)</strong></div>';
      html += `<div class=""mono"">disambiguationBit (LSB) = <strong>${disambiguationBit}</strong> (original first input bit)</div>`;

      html += '<div style=""margin-top:8px;"" class=""small""><strong>Compressed with disambiguation (LSB placement)</strong></div>';
      html += `<pre class=""mono"">${compressedWithDisambLSB}</pre>`;

      html += `<div style=""margin-top:8px;"" class=""small""><strong>Total length used (compressed payload + 1 disambiguation LSB)</strong></div>`;
      html += `<div class=""mono""><strong>${window.lastTotalLength}</strong> bits</div>`;

      html += '<div style=""margin-top:8px;"" class=""small""><strong>Decompressor recipe (LSB placement)</strong></div>';
      html += '<pre class=""mono"">';
      html += '1) Read last bit => disambiguation bit (LSB).\n';
      html += '2) Parse remaining bits (all but last) as binary to get valueBeforeSubtract.\n';
      html += '3) Compute valueBeforeSubtract - 1,048,576 to get final output.\n';
      html += '</pre>';

      outputEl.innerHTML = html;
    }

    computeBtn.addEventListener('click', () => {
      errorEl.textContent = '';
      outputEl.innerHTML = '';
      const s = bitsInput.value.trim();
      const v = validateBits(s);
      if (v) { errorEl.textContent = v; return; }
      try {
        const result = computeFromBits(s);
        renderResult(result);
      } catch (err) {
        errorEl.textContent = 'Computation error';
        console.error(err);
      }
    });

    exampleBtn.addEventListener('click', () => {
      bitsInput.value = '010101001110000111000';
      errorEl.textContent = '';
      outputEl.innerHTML = '';
    });

    randomBtn.addEventListener('click', () => {
      bitsInput.value = randomBits21();
      errorEl.textContent = '';
      outputEl.innerHTML = '';
      computeBtn.click();
    });

    copyBtn.addEventListener('click', async () => {
      const out = outputEl.innerText || '';
      if (!out) { errorEl.textContent = 'Nothing to copy'; return; }
      try {
        await navigator.clipboard.writeText(out);
        errorEl.textContent = 'Result copied to clipboard';
        setTimeout(() => { errorEl.textContent = ''; }, 2000);
      } catch (e) {
        errorEl.textContent = 'Copy failed';
      }
    });

    // Generate a random 21-bit string
    function randomBits21() {
      let s = '';
      for (let i = 0; i < 21; i++) {
        s += (Math.random() < 0.5 ? '0' : '1');
      }
      return s;
    }

    // Run many random tests and show summary
    runTestsBtn.addEventListener('click', () => {
      errorEl.textContent = '';
      outputEl.innerHTML = '';
      const count = Math.max(1, Math.min(100000, Number(countInput.value) || 100));

      // Determine the total length to use for trial statistics:
      // If the user has computed a sample (window.lastTotalLength set), use that.
      // Otherwise, compute it from the first random sample and use that for all trials.
      let totalLengthUsed = window.lastTotalLength; // may be null

      let min = null;
      let max = null;
      let sum = 0n;

      // Counters for how many samples match/shorter/longer than totalLengthUsed
      let matches = 0;
      let shorter = 0;
      let longer = 0;

      // If totalLengthUsed is not set, compute it from the first sample and then proceed.
      let firstSampleComputed = false;

      for (let i = 0; i < count; i++) {
        const bits = randomBits21();
        const res = computeFromBits(bits);
        const val = BigInt(res.finalAfterSubtract);

        if (min === null || val < min) min = val;
        if (max === null || val > max) max = val;
        sum += val;

        const len = res.compressedWithDisambLSB.length;

        if (!firstSampleComputed && totalLengthUsed === null) {
          totalLengthUsed = len;
          firstSampleComputed = true;
        }

        if (len === totalLengthUsed) matches++;
        else if (len < totalLengthUsed) shorter++;
        else longer++;
      }

      const avg = sum / BigInt(count);

      let html = '<div class=""small""><strong>Random tests summary</strong></div>';
      html += '<pre>';
      html += `Count: ${count}\n`;
      html += `Total length used for compressed payload + LSB disambiguation: ${totalLengthUsed} bits\n`;
      html += `Min final output: ${min.toString()}\n`;
      html += `Max final output: ${max.toString()}\n`;
      html += `Average final output: ${avg.toString()}\n`;
      html += '\n';
      html += `Samples with compressed-with-disamb length equal to ${totalLengthUsed}: ${matches}\n`;
      html += `Samples shorter than ${totalLengthUsed}: ${shorter}\n`;
      html += `Samples longer than ${totalLengthUsed}: ${longer}\n`;
      html += '</pre>';

      outputEl.innerHTML = html;
    });

    // allow Enter to compute
    bitsInput.addEventListener('keydown', (e) => {
      if (e.key === 'Enter') { computeBtn.click(); }
    });
  </script>
</body>
</html>
"
Xf9zdtPU?source=archive,Integrate with ACF,eventsmanager,text,Wednesday 19th of August 2026 10:14:36 PM CDT,"<?php

/*

Adding ACF fields to an Events Manager booking form
Use this when you want to add a pre-built ACF field group—such as dietary requirements, travel details, or preferences—to a booking form.
Before you begin, the ACF field group must already exist and contain the fields you need.
Add the ACF group to the booking form
1. Go to Events → Forms Editor.
2. Open the booking form you want to update.
3. Click Add booking field.
4. Set the field type to HTML.
5. In Field label, enter the ACF group marker in this format:
   [acf-group:group_your_acf_group_key]
   Example:
   [acf-group:group_6a856b1a2cdc0]
6. Leave the EMP field as optional. Do not make this placeholder field required.
7. Give the field a simple unique name, such as:
   acf_food_choice
8. Click Save Form.
The technical label is hidden automatically. On the booking form, visitors will see the labels, placeholders, and inputs configured in ACF.
Find the ACF group key
The group key always starts with group_, for example:
group_6a856b1a2cdc0
It is not the group title. If you cannot find the key, ask your site developer or administrator.
What happens after someone books
- The visitor completes the ACF fields as part of the booking form.
- The answers are saved with the Events Manager booking.
- In Events → Bookings → Edit Booking, the answers appear under their normal ACF field labels.
- To change wording, placeholders, options, or order, edit the field group in Custom Fields (ACF)—not in Forms Editor.
Add more than one ACF group
Add one HTML placeholder field for each group. Each placeholder needs its own ACF group key:
[acf-group:group_travel_details]
[acf-group:group_dietary_requirements]


 */

**
 * Read [acf-group:group_xxx] from the EMP Form Editor field label.
 */
function my_emp_get_acf_group_key( $field ) {
    $label = (string) ( $field['field_label'] ?? $field['label'] ?? '' );

    if ( preg_match( '/\[acf-group:(group_[A-Za-z0-9]+)\]/', $label, $matches ) ) {
        return $matches[1];
    }

    return false;
}


/**
 * Load ACF JavaScript/CSS required by select, date, repeater, gallery fields, etc.
 */
add_action( 'wp_enqueue_scripts', function () {
    if ( function_exists( 'acf_enqueue_scripts' ) ) {
        acf_enqueue_scripts();
    }
}, 20 );


/**
 * Replace the EMP placeholder field's normal input with an ACF field group.
 *
 * EMP passes: $input, $EM_Form, $field, $value
 */
add_filter( 'emp_forms_output_field_input', 'my_emp_render_acf_group', 20, 4 );
function my_emp_render_acf_group( $input, $EM_Form, $field, $value = '' ) {
    $group_key = my_emp_get_acf_group_key( $field );

    if ( ! $group_key || ! function_exists( 'acf_get_fields' ) ) {
        return $input;
    }

    $acf_fields = acf_get_fields( $group_key );

    if ( empty( $acf_fields ) ) {
        return '<p class=""emp-acf-error"">ACF field group not found.</p>';
    }

    ob_start();
    ?>
    <div class=""emp-acf-field-group"" data-acf-group=""<?php echo esc_attr( $group_key ); ?>"">
        <input type=""hidden"" name=""my_emp_acf_groups[]"" value=""<?php echo esc_attr( $group_key ); ?>"">

        <?php
        /*
         * Post ID 0 means a new registration: show ACF defaults/placeholders,
         * without accidentally loading values from the checkout page itself.
         */
        acf_render_fields( $acf_fields, 0 );
        ?>
    </div>
    <?php

    return ob_get_clean();
}


/**
 * Optional wrapper class around the EMP field.
 */
add_filter( 'emp_forms_output_field', 'my_emp_acf_group_wrapper', 20, 4 );
function my_emp_acf_group_wrapper( $html, $EM_Form, $field, $value = '' ) {
    if ( ! my_emp_get_acf_group_key( $field ) ) {
        return $html;
    }

    // Remove only the EMP label containing [acf-group:group_xxx].
    $html = preg_replace(
        '~<label\b[^>]*>.*?\[acf-group:group_[A-Za-z0-9]+\].*?</label>~is',
        '',
        $html,
        1
    );

    return '<div class=""emp-form-field--acf"">' . $html . '</div>';
}

/**
 * Store submitted ACF values in Events Manager booking metadata.
 */
function my_emp_store_acf_booking_values( $booking ) {
    if (
        empty( $_POST['my_emp_acf_groups'] ) ||
        empty( $_POST['acf'] ) ||
        ! is_array( $_POST['acf'] )
    ) {
        return;
    }

    $posted_acf = wp_unslash( $_POST['acf'] );
    $groups     = array_unique( (array) wp_unslash( $_POST['my_emp_acf_groups'] ) );
    $saved      = array();

    foreach ( $groups as $group_key ) {
        if ( ! preg_match( '/^group_[A-Za-z0-9]+$/', $group_key ) ) {
            continue;
        }

        $fields = acf_get_fields( $group_key );

        if ( empty( $fields ) ) {
            continue;
        }

        foreach ( $fields as $acf_field ) {
            if ( array_key_exists( $acf_field['key'], $posted_acf ) ) {
                $saved[ $group_key ][ $acf_field['key'] ] = $posted_acf[ $acf_field['key'] ];
            }
        }
    }

    if ( $saved ) {
        $booking->booking_meta['booking']['acf'] = $saved;
    }
}


/* Standard single-event bookings. */
add_filter( 'em_booking_get_post', function( $result, $EM_Booking ) {
    my_emp_store_acf_booking_values( $EM_Booking );
    return $result;
}, 20, 2 );


/* Multiple Bookings checkout. */
add_filter( 'em_multiple_booking_get_post', function( $result, $EM_Multiple_Booking ) {
    my_emp_store_acf_booking_values( $EM_Multiple_Booking );
    return $result;
}, 20, 2 );

/**
 * Replace the default Booking Details rows with Comment + stored ACF values.
 */
add_action( 'em_bookings_single_custom', 'my_emp_show_acf_on_booking_edit_screen', 10, 1 );

function my_emp_show_acf_on_booking_edit_screen( $EM_Booking ) {
    

    $groups = $EM_Booking->booking_meta['booking']['acf'] ?? array();

    if ( empty( $groups ) || ! is_array( $groups ) || ! function_exists( 'acf_get_fields' ) ) {
        return;
    }

    foreach ( $groups as $group_key => $values ) {
        $fields = acf_get_fields( $group_key );

        if ( empty( $fields ) || ! is_array( $values ) ) {
            continue;
        }

        foreach ( $fields as $acf_field ) {
            if ( ! array_key_exists( $acf_field['key'], $values ) ) {
                continue;
            }

            $raw_value = $values[ $acf_field['key'] ];

            $formatted_value = function_exists( 'acf_format_value' )
                ? acf_format_value( $raw_value, 0, $acf_field )
                : $raw_value;
            ?>
            <tr class=""emp-acf-booking-field"">
                <th><?php echo esc_html( $acf_field['label'] ); ?></th>
                <td>
                    <span class=""em-booking-single-info"">
                        <?php echo wp_kses_post( my_emp_acf_booking_value_html( $formatted_value ) ); ?>
                    </span>
                </td>
            </tr>
            <?php
        }
    }
}

function my_emp_acf_booking_value_html( $value ) {
    if ( is_bool( $value ) ) {
        return $value ? 'Yes' : 'No';
    }

    if ( is_object( $value ) ) {
        if ( isset( $value->post_title ) ) {
            return esc_html( $value->post_title );
        }

        return esc_html( wp_json_encode( $value ) );
    }

    if ( is_array( $value ) ) {
        $items = array();

        foreach ( $value as $item ) {
            $items[] = my_emp_acf_booking_value_html( $item );
        }

        return implode( ', ', $items );
    }

    return nl2br( esc_html( (string) $value ) );
}"
QJYJvAAm?source=archive,Untitled,dgl_2,text,Wednesday 19th of August 2026 09:49:19 PM CDT,"She hooked her finger into the seam of your hood and tugged it down to your neck, so that she could look at your whole face without permission, bloodied skull and all.

      You flushed until the tips of your ears were red hot. Fear and humiliation formed a bone hook at the back of your superior articular facet; acrimonious rage drove it forward, caught the loop, and withdrew it backward, as though unknitting your nerves. The scythe of pain that swept over the back of your scalp nearly made you sick again, and you would have been if you had not of late become the Saint of Emesis. You squeezed the nerve flat with the muscles around it and wedged the minute hook back into your spinal mass where it belonged. This resulted in a whole-body case of pins and needles so profound that all you could do was thrash like a fish on the end of a line. The finger was withdrawn. The stormy eyes widened, just fractionally. An emotion was playing out over her face that was—not unfamiliar to you—but nonsensical; you discarded it.

      “You oughtn’t to have done that,” she said. “You might have blown out your dorsal nerve and asphyxiated.”

Harrow the Ninth - Act One, Chapter Six"
bAM0HK2X?source=archive,Untitled,dgl_2,text,Wednesday 19th of August 2026 09:37:31 PM CDT,"You were close enough to the crates stacked up by the door now to see that they had been placed against the wall hastily, and somewhat ajar. You wobbled to your feet and pushed them down in a domino cascade of clanging plex.

      Behind the boxes were hundreds of thick nail fragments, like the broken horns of some weird animal, scattered on the floor and embedded in the wall. Some of them were brown with dried blood. Long, ragged missiles of keratin were, at some points, finger-deep in the panelling. You crawled back to the cot where the Body laid you down on the sheets, placed the heinous sword within your arms, added the letters to this pile, and gave you the go-ahead to fall unconscious.

Harrow the Ninth - Act One, Chapter Four"
KrmHBgAZ?source=archive,Untitled,dgl_2,text,Wednesday 19th of August 2026 09:24:56 PM CDT,"Unfolding the flimsy and spreading it across your knees was the final gobbet boiling off the skeleton. The letter was written in Ninth House crypt-script; your own cipher, based off that of your parents and developed when you were seven years old. It was unbreakable to anyone who lacked your rosary, Marshal Crux, and a hundred or so years to spare.

Harrow the Ninth - Act One, Chapter Four"
7rSxMSbq?source=archive,Untitled,dgl_2,text,Wednesday 19th of August 2026 09:20:40 PM CDT,"They were a damned fool for not getting atop you. You found your fingers and plucked the thumbnail from your left hand, screaming into that asphyxiating white darkness, and separated your bloody disc of keratin and flesh into a thousand racine fragments, then expanded those into a multitude of jagged, splintering fléchettes. Blind, airless, you swung these stiff and hairy missiles into your assailant like so much shrapnel; you heard them thud into flesh and ping off the wall and bury themselves in steel. Good. Good. The weight on the pillow lightened, and—

Harrow the Ninth - Act One, Chapter Four"
NgDKGhHN?source=archive,Untitled,dgl_2,text,Wednesday 19th of August 2026 09:17:50 PM CDT,"Harrowhark watched Crux get older, and older and older, and tried all the tricks in her box to keep him upright—there was terrible plaque in his arteries, and he pretended that he did not notice her scraping them.

Harrow the Ninth - Act One, Chapter Three"
rJbHV8jn?source=archive,Untitled,dgl_2,text,Wednesday 19th of August 2026 09:13:47 PM CDT,"The Ninth House elderly became the Ninth House decrepit, and the Ninth House decrepit became the Ninth House dead. Harrowhark was by most of them when they died, except if they had a sudden pulmonary, and even at fourteen she was good enough with a heart arrest to keep them going until she could give them final rites. She’d always disdained flesh magic, but she had a knack for the aorta. Later, when their meat had trickled away, she personally raised their de-fleshed skeletons to work the mangle or quietly rake the snow-leek fields in the upper reaches of Drearburh. Much of her necromancy had been sharpened by the day-to-day busywork of geriatric death, of the niche and the skull, of sitting with osteoporotic bones and filling up their honeycomb so that the constructs did not end up a confusion of ribcages with their legs powdering off. Her parents knew what they had been about, making a genius out of two hundred dead children: it took a genius simply to keep the House from deliquescing into a pile of bones and pneumonia victims.

Harrow the Ninth - Act One, Chapter Three"
5rMM4LBe?source=archive,Untitled,dgl_2,text,Wednesday 19th of August 2026 08:55:51 PM CDT,"“The choice I offered you was always a false one,” he said. “I’m sorry. The Resurrection Beasts always know where I am, and wherever I am they turn themselves to me and start moving … slowly … but never stopping. And they don’t turn to me alone, though they focus on me most strongly. They hunt whoever has committed the—indelible sin.”

      You stared at him. He dropped his hands.

      You said, “Which indelible sin?”

      “The one you committed when you became a Lyctor,” said the Emperor.

Harrow the Ninth - Act One, Chapter Two"
BzCYhWZQ?source=archive,Untitled,dgl_2,text,Wednesday 19th of August 2026 08:53:06 PM CDT,"Sweat came to the centres of your palms totally unbidden. A trickle of blood started down your leg, and you stopped it in midflow, dried it to flakes on your skin, and clotted the breach. Such an act took no effort now.

Harrow the Ninth - Act One, Chapter Two"
7ZbFk7ME?source=archive,Untitled,dgl_2,text,Wednesday 19th of August 2026 08:50:27 PM CDT,"The Emperor said, “Harrowhark, what happens when somebody dies?”

      It was a crèche question. You ought to have been able to answer it in the same way other people walked or breathed, which was why you found it difficult. The simplicity seemed a trap. You dug your thumbnail into the top of your thigh until it squelched all the capillaries beneath the skin, and you said: “Apopneumatism. The spirit is forced from their body. The initial thanergy bloom occurs.”

      “Why?”

      “Thalergetic decay causes cellular death,” you said carefully, pressing the nail in harder, “which emits thanergy. The massive cell death that follows apopneumatism causes a thanergetic cascade, though the first bloom fades and the thanergy stabilises within thirty to sixty seconds.”

      “What happens to the soul?”

      “In the case of gradual death—senescence, illness … certain other forms—transition is automatic and straightforward. The soul is pulled into the River by liminal osmosis. In cases of apopneumatic shock, where death is sudden and violent, the energy burst can be sufficient to countermand osmotic pressure and leave the soul temporarily isolated. Whence we gain the ghost, and the revenant.”

      “And what has a soul?”

      You weren’t going to last the distance. The questions were beginning to sound stupid, or sophistic. The Body watched you with careful, filmy eyes. “Anything with a thalergetic complexity significant enough to … have a soul. So, humanity.”

Harrow the Ninth - Act One, Chapter Two"
KatEbvUe?source=archive,Untitled,dgl_2,text,Wednesday 19th of August 2026 08:41:52 PM CDT,"You felt the dead in some onboard morgue—ten bundles of discrete dead, of thanergy with the rot of thalergy arrested, snap-frozen. The stillness of this thanergy was profound: not even a body in ice was so still.

Harrow the Ninth - Act One, Chapter Two"
5YFPJLXz?source=archive,Untitled,jadenquinn,text,Wednesday 19th of August 2026 04:08:28 PM CDT,"I just had a dream where society has been collapsed for like 5 years, because all of the structure’s frames are intact, and the power is still running because the elevators still kind of work, but you can’t get in them because the box is totally destroyed, mostly only the frame remains. It’s basically an elevator
I kept getting stolen from in person. When I first arrived, I walk around some of the ruined objects for about 30 seconds. Then this guy comes up to me, and I start trying to ask him why things are the way they are here, he just sighs and gives me a 10 dollar bill.
Next, I come across this old car that’s stopped in the middle of the road diagonally. This guy died in his car, I presume he was murdered. Then I take his case out of his car and I dump everything out so I can examine. I find a few things, including a wallet and a little bag, that when I turned it around, I saw had a bunch of used medical syringes. For some reason I took this as the reason he was murdered, even though that doesn’t make sense since they were still there, but when I got up to leave, these 2 guys jump me, and basically just want to kill me. They’re not asking for anything except for a fight. I check my (now) wallet, and I have about 75 bucks in it in different bills, but knowing this, I just hand them the 10 dollar bill that guy from before handed me earlier, since I hadn’t put it away yet. They took it but still perused me. I don’t remember what happened next but I assume I outrun them and escape, because I end up with a few “friends” in this overrun school lunch table kind of area with those silver metal benches. There’s a lot of people in this area, none of them look sane, but they’re all hanging out and talking to each other. I overanalyze everything I see in real life, so naturally I’m able to notice the most dangerous looking group in this area. So I’m talking to my friends, and this tall dude with a smirk on his face comes from that dangerous  group, picks up my wallet, walks off with it, and puts it on his group’s side of that table. I run over, intending to take it right back, not fearing what would happen, and when I pick my wallet up, I see that this group has been busy doing basically the same thing to everyone, because there’s about 10 more wallets stacked up on their table.
I take my wallet back, and run back to my “friends” table. I see that tall guy get up again, and start heading toward me looking right at me, and I put 2 and 2 together. I get up and start backing up, looking for something to grab to fight with, and I settle on my metal “chug jug”, which is basically the one I have in real life, my huge Stanley thermos. This ought to do some damage. So I analyze his behavior a little bit moving around, before I go in for an attack. He starts grabbing chairs and stuff to move out of his way in his advance, but I just run around the whole bench area for about 10 seconds, then I move in when he for some reason decides to sit in one of the chairs he’s trying to move (but still clearly trying to advance), and I whack him on the left side of the head with my Stanley about 3 times before I’m realizing this isn’t doing much, so I try the other side once. He was still alive, so I just ran. I ran as far as I felt I should without getting “too lost”. This place was a wreck. I ran over scaffolding looking stuff, I ran between these kind of square metal air duct looking things that go between buildings, I take a few turns before I jump into this half-husk of a.. what I think used to be a warehouse building. I stop in it because I think I see that it has an elevator, and that it goes… SOMEWHERE. I don’t know exactly where I am in relation to sea level, up or down, I just felt like I needed to try something at least.
There’s dishevelment everywhere. Broken wooden signs, huge paper things torn apart flat on the floor, and you can see a lot of the structure’s main structural beams and things on display.
I entered this building from the far right side, through a big opening where there was no wall. There’s not much to my left except darkness, but there are controls for an elevator on the right. There’s also this mesh that I assumed would open for the elevator. I press the “up” control, and I hear stuff happening. Surprised it still works, I see if very clearly from the side come up to my level, but the fact that I think I could see into the elevator column and likely into the cab, I wasn’t confident that I could safely ride it anywhere because the floor is likely gone.
It jitters a few times but after about 10 seconds, it gets to my level, the mesh opens like a door, and I see inside the elevator, and like I suspected, almost all of its floor is completely gone. Only some blue plastic construction baggy stuff remains, and I make the decision not to take it.
That’s where the dream ends, because it was 1:30PM and I didn’t want to go back to this place by falling asleep again."
dTm6qC1L?source=archive,Untitled,dgl_2,text,Wednesday 19th of August 2026 03:25:16 PM CDT,"You were afraid someone might take your sword away from you if you left it; rather than lifting it, you lay down next to where it glowered at you blackly from the bed. You rolled over onto its flat steel breadth and bound crisscross straps of dense bone across your back, around the blade, around the hilt. Straining beneath its weight, with nothing but a ripped-up sheet to mask you, pathetic in your turquoise nudity, you found yourself accompanying the Emperor down long black corridors, trying to fix yourself in time and space.

Harrow the Ninth - Act One, Chapter Two"
UnGUh4Aj?source=archive,Untitled,dgl_2,text,Wednesday 19th of August 2026 03:14:05 PM CDT,"“Nice to hear you’re feeling better,” he said. “I’m not going to talk philosophy with you, not when you’ve spent the last three hours venting your gut.” (Had you?) “I’m not a monster. Go rinse your teeth. I don’t care that you can fill your own cavities, not looking after those things seems wasteful.”

Harrow the Ninth - Act One, Chapter Two"
HLRa8nfM?source=archive,Untitled,dgl_2,text,Wednesday 19th of August 2026 03:09:55 PM CDT,"In your old life you might have been curious. But other noises haunted you, quite apart from the ones occurring to your ears. There was a great unmusical straining aboard ship—the sounds of wet drums—which had panicked you before you’d realised, with settling calm, that you were hearing the heave of seven hundred and eight beating hearts. You heard seven hundred and eight brains, thrumming in their cerebral fluid. You knew without checking that three hundred and four of those straining hearts belonged to necromancers; a necromancer’s heart myocardium flexed differently to your ears, worked worse, squeezed more feebly. You were sensing the living. Once you worked out what you were hearing, you became aware of everything immediate to you: the dust settling on the gleaming black plaques of the floor; the roiling of your pulmonaries; the soft marrow of your bones sucking up oxygen. Despite all this cacophony, you could not stay awake.

Harrow the Ninth - Act One, Chapter One"
uSRDG8Hh?source=archive,Untitled,dgl_2,text,Wednesday 19th of August 2026 03:06:47 PM CDT,"The sword hated you to touch it. The long hilt burnt your bare hands as though heated to starlike temperatures. The vacuum of space outside yielded no thanergy and generated no thalergy, but it didn’t matter. You no longer needed either. You iced your palms over with thick bands of cartilage, and you tried again.

      Now the grip seemed cold as death, and it was just as heavy. You lifted, and your elbows locked, and you grasped the pommel to try to steady yourself. You tried a new trick—you slipped a narrow ribbon of bone up from your living metacarpal and eased the fragment gently around the flexor tendon, and you pierced it through the back of your hand. You didn’t flinch. It was never your way. From there you unfolded long fingers of bone to grasp the handle, then more, to grasp it again; you lifted it, in a manner of speaking, assisted by a seething, clattering basket of eight phalanx articulates.

      So now you could wobble the sword up in an obtuse angle before yourself. You waited. You felt nothing: no understanding, no mastery, no knowledge. You were just a necromancer, and it was just a sword. It fell away from your hands and clattered to the floor, and you folded in half, and you upchucked violently all over the hospital tiles.

Harrow the Ninth - Act One, Chapter One"
yz9HmWUk?source=archive,Untitled,dgl_2,text,Wednesday 19th of August 2026 02:08:41 PM CDT,"You did not wake up having passed into the thanergetic space that was the sole province of the dead, and the necromantic saints who fought the dead; you woke up in the corridor outside your rooms, on your side and broiling, gasping for air, soaked right through with sweat—your own—and blood—your own; the blade of your rapier leered through your stomach, punctured through from behind. The wound was not a hallucination or a dream: the blood was wet, and the pain was terrible. Your vision was already curling up black at the edges as you tried to close the rent—tried to sew your viscera shut, cauterize the veins, stabilize the organs whimpering into shutdown—but you were far too gone already. Even if you had wanted it, the imminent death letter would not be yours to read. All you could do was lie gasping in a pool of your own fluids, too powerful to die quickly, too weak to save yourself. You were only half a Lyctor, and half a Lyctor was worse than not a Lyctor at all.

Harrow the Ninth - Prologue"
T9KPZk2c?source=archive,Untitled,dgl_2,text,Wednesday 19th of August 2026 02:07:13 PM CDT,"The darkness got darker and cooler as the first shield of perpetual bone cocooned you—the act of a fool, meaningless, doomed to dissolve the moment you submerged—then the second, then the third, until you were lost in an airless and impregnable nest.

Harrow the Ninth - Prologue"
U65wFyjb?source=archive,Untitled,dgl_2,text,Wednesday 19th of August 2026 01:58:53 PM CDT,"The doors to your quarters slid open with an antique exhalation of gas levers. But the intruder did not set off the traps of teeth you’d embedded in its frame, nor the gobbets of regenerating bone you had gummed onto the threshold. She stepped over the threshold with her cobwebby skirts rucked high on her thighs, teetering like a dancer.

Harrow the Ninth - Prologue"
pwtefmCq?source=archive,Untitled,dgl_2,text,Wednesday 19th of August 2026 12:53:04 PM CDT,"“Please undo what I’ve done, Lord,” she said. “I will never ask anything of you, ever again, if you just give me back the life of Gideon Nav.”
“I can’t,” he said. He had a bittersweet, scratchy voice, and it was infinitely gentle. “I would very much like to. But that soul’s inside you now. If I tried to pull it out, I’d take yours with it and destroy both in the process. What’s done is done is done. Now you have to live with it.”

Gideon the Ninth - Epilogue"
QPxx71Kk?source=archive,Untitled,dgl_2,text,Wednesday 19th of August 2026 12:50:10 PM CDT,"Harrowhark drove the blade home, straight through the malignant thing in Cytherea’s chest: it bubbled and clawed out of her, a well of tumours, a cancer, and she seized up. It ran through her like a flame touched to oil, seething visibly beneath her skin, her veins, her bones. They bulged and buckled. Her skin tore; her heart strained, stretched, and, after ten thousand years’ poor service, gave out.
Cytherea the First sighed in no little relief. Then she toppled over, and she died.

Gideon the Ninth - Act Five, Chapter Thirty-Seven"
wpKaijdu?source=archive,Untitled,dgl_2,text,Wednesday 19th of August 2026 12:49:08 PM CDT,"Their swords met. The noise of metal on metal screamed in that empty garden. Cytherea the First had been Cytherea the First for ten thousand years, and even ten thousand years ago her cavalier had been great. Time had made her more perfect than a mortal cavalier could understand. In a fair fight, they might even have fought to a standstill.
It was not a fair fight. As they fought—and fighting was like a dream, like falling asleep—they could see Cytherea was made up of different parts. Her eyes had been taken from somewhere else, two blue spots of someone else’s fire. Within her chest another conflagration burned, and this one was eating her alive: it smoked and smouldered where her lungs ought to have been, bulging, dark, and malignant. It had swollen to the bursting point inside her body, and most of Cytherea’s energy was being expended on holding it still. Harrow could touch what Palamedes had done; nudge it; knock it out of Cytherea’s grip.

Gideon the Ninth - Act Five, Chapter Thirty-Seven"
UXS5KUdJ?source=archive,Untitled,dgl_2,text,Wednesday 19th of August 2026 12:47:15 PM CDT,"“Harrowhark,” said Gideon the Ninth. “Someday you’ll die and get buried in the ground, and we can work this out then. For now—I can’t say you’ll be fine. I can’t say we did the right thing. I can’t tell you s**t. I’m basically a hallucination produced by your brain chemistry while coping with the massive trauma of splicing in my brain chemistry. Even if I wasn’t, I don’t know jack, Harrow, I never did—except for one thing.”
She lifted Harrow’s arm with the hilt clutched in it. Her fingers, rough and strong and sure, moved Harrow’s other hand into place above the pommel.
“I know the sword,” she said. “And now, so do you.”
Gideon brought them into position: weight on the forward foot, knee bent a little, light on the right. She tilted the blade so that it was held with the blade pointed high before them, a perfect line. She moved Harrow’s head up and corrected her hips.
Time sped up, blurred, moved in bright lights before them. Now the old Lyctor Cytherea—wretchedly old, it seemed impossible that they could have ever taken her for anything else—stood there at the bottom of the stairs. Her radioactive blue eyes were quiet; her sword was held at the ready. She was smiling with colourless lips.
“How do you feel, little sister?” she said.
Harrowhark’s mouth said, “Ready for round three,” and, “or round four, I think I lost track.”

Gideon the Ninth - Act Five, Chapter Thirty-Seven"
HfBL0WFx?source=archive,Untitled,dgl_2,text,Wednesday 19th of August 2026 12:44:41 PM CDT,"Gideon said, “Take it down.”
And Harrow took it down. It was bafflingly simple. It was nothing more than a raised skeleton, and not one that had been formed with any particular grace. It was half gone already, having torn itself free like an animal from her trap. The head was just a chitinous plate. The trunk was a roll of bone. The remaining tentacles fell like rain, arrested in midswing. The bone responded to their call, and together they sailed the thing through the cracked glass panes of the terrace garden to fall—a huge white comet, with flailing tails of bone—into the rolling ocean.

Gideon the Ninth - Act Five, Chapter Thirty-Seven"
ty120hj5?source=archive,Untitled,dgl_2,text,Wednesday 19th of August 2026 12:39:16 PM CDT,"“I’m not done,” said Gideon’s half-dead necromancer.
Harrow closed her hands. The last thing Gideon saw was the debris of her perpetual servants rattling toward them, bouncing through the air and over the flagstones, hardening in a shell over her and Camilla and Harrow as all those tendrils struck them at once. The noise was deafening: WHAM—WHAM—WHAMWHAMWHAMWHAMWHAMWHAMWHAM—until it became a single hammer, a metered pounding: WHAM … WHAM … WHAM …
The world vibrated around them. Everything was suddenly very dark. A wavering yellow light flicked on, and Gideon realised that against all odds Camilla had somehow retained her pocket torch.
They were closed in with the bowing iron trellises and the wilting, anciently dead bushes. The sky, the sea, and the rest of the garden were cut off behind a smooth curved shell of what seemed to be solid, uninterrupted bone, like the hemisphere of a propped-up skull. Harrow swayed upright in the gloom as the beast tried to crack them open like a nut and looked at Camilla and Gideon through a face that was mostly blood. Not even blood sweat: just blood. Beneath her skin blood vessels had detonated like mines. It was coming through her pores. She’d figured out how to make perpetual bone, half-destroyed a giant dead spider from hell, and now she’d raised a solid wall six inches thick and was holding it up with sheer nerve.
The Reverend Daughter of the Ninth House smiled, tiny and triumphant. Then she keeled into Gideon’s arms.

Gideon the Ninth - Act Four, Chapter Thirty-Six"
19EHrwDn?source=archive,Untitled,dgl_2,text,Wednesday 19th of August 2026 12:36:21 PM CDT,"Cytherea turned to look. The black-robed, black-hooded figure had stumbled forward, step by staggering step, away from the shelter of the tower wall. She was bookended by skeletons—skeletons too huge to have ever lived inside the greasy meat sock of anyone real. Each was eight feet high with ulnar bones like tree trunks and wicked bone spikes spiralling over their arms.
“I wish the Ninth House would do something that was more interesting than skeletons,” said Cytherea pensively.
One of the monstrous constructs flung itself at Cytherea, like she was a bomb it was ending its life upon. The second came shambling after it. Cytherea contemptuously dashed away one skeleton’s enormous forearm spike—she shattered another with her rapier—and the spike, almost before it had finished crumbling, stretched and pushed itself back into shape. Harrow wasn’t stinting on the perpetual bone, and if she kept it up she was going to be a perpetual corpse.
Gideon rolled away, seized her sword, and crawled. Her pierced arm left a snail’s trail of slippery red behind her. It was only years of training under Aiglamene that gave her the guts to wobble herself upright before her adept, blind with blood, blade leant flat on her good shoulder. Two more dead giants were already knitting themselves together. Harrow couldn’t afford this, she thought dimly; Harrow couldn’t afford this at all.

Gideon the Ninth - Act Four, Chapter Thirty-Six"
26V9Ga67?source=archive,Untitled,dgl_2,text,Wednesday 19th of August 2026 12:32:50 PM CDT,"Gideon the Ninth charged. Cytherea went straight for her heart, no foreplay, but this was a Gideon who had trained with a double-handed sword since before she could even hold the damn thing. This was a Gideon who had lived her entire life behind the hilt of a two-hander. No more playing around with dodging and ducking and moving away—it was her, her sword, and all of the power and strength and speed that Aiglamene had been able to realise in her.
She met Cytherea’s water-smooth thrust to her heart with an upward cut that flung the Lyctor’s rapier’s point skyward, and ought to have knocked it clean out of her hand. She stopped thinking about the pain in her knee and went back to being the Gideon Nav who never left Drearburh, who fought like it was her only ticket off-world. The Lyctor danced out and in again, close quarters, trying to slide her sword under and around Gideon’s own. Gideon knocked the thing to the ground, the rapier scraping the flagstones with an awful screech. Cytherea retreated, prettily, and Gideon smashed her guard and followed through with a huge, perfect overhand cut.

Gideon the Ninth - Act Four, Chapter Thirty-Six"
7Bb9Kpub?source=archive,Untitled,dgl_2,text,Wednesday 19th of August 2026 12:21:39 PM CDT,"For one vertigo-inducing moment she was above the battlefield. She sailed past the huge, masklike face of the bone construct, a thick coating of regenerating bone seeping down its legs in rivulets—free-falling, with an aerial view as Camilla danced through the chaos toward the calm and fragile figure of Cytherea the First, who stood watching her approach. Gideon tried to twist in the air—if she could just contrive to hit a window, rather than the wall—
She was caught with a force that jangled her teeth in her mouth. A spindly pillar of skeletal arms had risen up from the maelstrom to stop her in midcareer, a hundred bone fingers scoring bloody ribbons over her back; but she was not splattered against the wall, which was the main thing.
The pillar of arms was destroyed by a long, sweeping blow from one of the construct’s innumerable bone whips, and she fell to earth again, gravity arrested by the hands helpfully piling themselves up to reduce her fall to terrible from obituary. She landed in a pile next to her necromancer, and her knee went crunch.

Gideon the Ninth - Act Four, Chapter Thirty-Six"
NyCxyJfj?source=archive,Untitled,dgl_2,text,Wednesday 19th of August 2026 12:18:03 PM CDT,"The construct crooned in its chains. The central rod that Harrow had somehow awled through its trunk was bowing dangerously. Gideon dove back into the affray of joint and gristle with her sword scything before her and, just as in the Response room, felt another presence slide into her mind like a knife into a pool of water. Her vision blurred out and something said in the back of her mind:
On your right. Eye level.
It wasn’t a voice, precisely, but it was Harrowhark. Gideon pivoted right, longsword held high. The first leg of the construct loomed before her, a weighty breadth of impenetrable bone, but the back of her mind told her: Wrong. Inch higher. Pierce.
Gideon rehefted the weight of her sword in her hands, steadied the pommel with the butt of one palm, and thrust it home. The bone was thinner here. Across her softened sight a light fizzed in and out of vision, the exact same corona of light that had happened a thousand years ago—a hundred thousand, a myriad of myriads—inside the first trial chamber. She pulled her sword free and the leg buckled.
Half a dozen tendrils came after her. They would have given her an interesting array of new airholes for speed, but a skeleton staggered out of the darkness and took most of the blows, jawbone crushed into powder as a tendril lashed open its skull. Another skeleton lurched in where its comrade had died—but this one dashed past Gideon, over to the glimmering wound she had carved into the leg, and it thrust its arm into the gash.
Then it melted. Gideon had a few seconds to watch as it sludged into shining silvery-white bone matter. With a little sizzle of evil-smelling steam, it shrouded the wound and the bottom of the leg in a lahar of hot bone gunge.
She tore her gaze away to skid beneath the heaving torso of the beast, narrowly dodging another few desperate tendrils, cutting her way through a damp nest of them as they unfurled and regrew themselves like the coils of a razor-sharp plant. The leg closest to her had found purchase on the floor with its dainty, sharp-capped foot, so much like the leg of an arachnid, and seemed to be in the process of levering the whole thing upright.
The back of her head said: It’s above you. Gideon slipped her grip down the handle of her sword, her forearm alarmed with the effort, tip wavering as the leg shifted and hesitated above her. The back of her head said: Now.
This one was harder. She didn’t have as much purchase. Gideon rammed her sword upward, getting a grip on the pommel and shoving into the limb again, as plates of bone splintered overhead and dried flakes of marrow spun down like confetti. The leg tumbled down like a cut tendon.
Yet another skeleton appeared next to her and, as she withdrew the sword, plunged into the shining gap. It too dissolved into the hot, foul muck that slid inside the construct’s body and enrobed the rest of the leg, dripping down into the floor, cooling rapidly. The hard shine of it and the suppressed agony of triumph in the back of Gideon’s head made her eyes water, and she was filled with a weird pride that was all her own. Holy s**t. Perpetual bone. Harrow had actually cracked it.

Gideon the Ninth - Act Four, Chapter Thirty-Six"
JB6VdXj4?source=archive,Untitled,dgl_2,text,Wednesday 19th of August 2026 12:12:43 PM CDT,"She stepped away and wrenched her sword upward—pulling Cytherea’s arm up with it—closed the gap in a hurry, and kicked the Lyctor’s legs out beneath her. Cytherea lost her grip and collapsed into the bone-litter strewn across the atrium floor. She coughed and winked at Gideon, and the scattered bones rose up and closed around her like waves, hiding her from sight.

Gideon the Ninth - Act Four, Chapter Thirty-Six"
Mnarcqt2?source=archive,Untitled,dgl_2,text,Wednesday 19th of August 2026 12:07:44 PM CDT,"Her arms were whole again. Her most beloved and true companion—her plain two-hander, unadorned and perfect—smashed through tendrils and teeth like a jackhammer drill. Stinging flails of bone met her blade and exploded into grey foam as she stood her ground and pummelled them with great, swinging arcs of good cold Ninth House steel.
With Harrow there, suddenly it was easy, and her horror of the monster turned to the ferocious joy of vengeance. Long years of warfare meant that they each knew exactly where the other would stand—every arc of a sword, every jostling scapula. No hole in the other’s defences went unshielded. They had never fought together before, but they had always fought, and they could work in and around each other without a second’s thought.
Gideon pushed for space. She forced a path, step by careful step, toward the centre of the construct. A tentacle lashed out at her leg; she sliced it open on the downswing and danced away from a stiff whip of molars aimed straight at her heart. Behind her, Harrow took it: it trembled into its component parts, then became a dust of teeth, which settled into a glue that stuck wobbling tendrils together so they broke themselves into pieces trying to smash away. What Harrow did not take, Gideon struck down. She struck at spines with the mad fury and sudden belief that if she just hit and hit and hit—accurately enough and hard enough and well enough—she could rewrite time and save Isaac and Jeannemary; save Abigail, save Magnus.
But the size of the thing defied thought, and every strike created shrapnel. Harrow was doing something, shielding her somehow; the air was a hail of sharp particles that ought to have shredded her skin, and yet none of them seemed to reach her. Even so, the white-out of pinging, ricocheting chips made it hard to see her target. From the corner of her eye, she saw Camilla running through a blizzard of teeth and spines and swinging bone lappets with both knives crossed in front of her chest—then she was gone, lost to view.
Gideon ploughed through a veil of flimsy bone shafts. They were under the bulk of the construct now. Six more skeletons sprang to life and formed a perimeter—these were pillars without legs, thrust through the floor, with the big plated arms and bone-wadded shoulders of the construct in the Response room. They grappled great breadths of the construct’s tendrils to themselves, and in the clearing between their backs Harrow flexed her fingers together. She shook finger bones out of her sleeves and slapped the trembling phalanges between her hands like clay. Gideon was busy shearing off questing tentacles that snaked past the skeleton guard and went for her necromancer, catching only a confused glimpse of the slim rosary of knuckles that Harrow was looping around her arm. Then Harrow flung it upward like a whip, and it punched straight through the monster’s midsection, burying itself somewhere deep.
She barked at Gideon, “Get clear!”
Two of the skeleton-pillars, still hugging tangled bunches of bone, bowed apart to make a path. Gideon pulled her hood down over the exposed skin of her face as she squeezed through the gap and staggered clear, away from the nightmare of splintering fibulae and tibiae. But before she could find her footing, Cytherea the First leapt from her place of ambush.

Gideon the Ninth - Act Four, Chapter Thirty-Six"
GUX3YHTP?source=archive,Untitled,dgl_2,text,Wednesday 19th of August 2026 12:04:27 PM CDT,"The squirming pile of skeletons exploded outward, and so did the floor. Bricks and tiles and splinters of wood scythed across the atrium like shrapnel. Gideon threw herself behind the fountain, Camilla dived behind an old sofa and Harrow wrapped herself in a hard white cocoon. Skeletons tumbled through the air like morbid rag dolls, bone shrapnel pinging off every surface. Cytherea the First emerged from the clusterf**k, coughing into the back of her hand, looking rumpled but entirely whole.
From the hole emerged one long, overjointed leg, then another. And another. A fretwork of bones, a net, a lace of them—long stingers of teeth, a nesting body, a construct so big that it turned one’s bowels into an icebox. The hulking construct that had killed Isaac Tettares filled the room behind its mistress, stretching itself out and expanding, pulverising a wall and a staircase as it emerged. Its great bone head lolled and loomed above them, masklike, with its hideous moulded lips and squinted-shut eyes.
But now this benighted vision stood before its natural predator, the Reverend Daughter of the Ninth House. As yet more skeletons jerked and clambered upward from their fallen comrades, Gideon got up, dusted herself off, and found Harrow standing in a pool of osseous dust and facing the construct with a hot-eyed, half-delighted anticipation. Without even thinking about it, her body moved to take her rightful place: in front of her necromancer, sword held ready.

Gideon the Ninth - Act Four, Chapter Thirty-Six"
nGEyiuet?source=archive,Untitled,dgl_2,text,Wednesday 19th of August 2026 12:01:47 PM CDT,"As Gideon sized up the best angle to join the fray, a bleached, skeletal hand emerged from behind Cytherea and grabbed her face. Another hand gripped her sword-arm at the wrist. Over Gideon’s shoulder, the skeleton in the fountain began to stir. Harrowhark stood at the top of the stairs, hands full of white particles, her skull-painted face as hard and merciless as morning: she flung them out before her like she was sowing a field. From each grain of bone a perfectly formed skeleton arose, a huge angular mass jostling and crowding on the stairs, and they poured out in single formation to rush the Lyctor one by one. She went under in a sea of bone.

Gideon the Ninth - Act Four, Chapter Thirty-Six"
D1Tr9xzf?source=archive,Untitled,dgl_2,text,Wednesday 19th of August 2026 11:27:46 AM CDT,"Gideon moved. She heard Harrow shout a warning, but she couldn’t help it. She drew her rapier from its scabbard, and she threw herself at the grey thing wearing a person skin. It was not a cavalier: it did not meet the arc of her sword with a parry. It just clouted her with Colum’s shield with a strength no human being ever had. Gideon staggered, very nearly fell, ducked out of the way of a sword gracelessly slammed downward. She took advantage of his movement, got up close, pinned his arm between her body and her sword and shattered his wrist with a meaty crack. The thing opened its mouth and opened its eyes, right up in her face. Its eyeballs were gone—Colum’s eyeballs were gone—and now the sockets were mouths ringed with teeth, with little tongues slithering out of them. The tongue in his original mouth extended out, down, wrapping itself around her neck—

Gideon the Ninth - Act Four, Chapter Thirty-Four"
69THPUw2?source=archive,Untitled,dgl_2,text,Wednesday 19th of August 2026 11:24:13 AM CDT,"Particles of bone bounced along the floor. Harrowhark had thrown them in a long, overhand arc, and they fell true at Colum’s feet. Spikes erupted from the ground, crowding Colum between them, locking him in tight. Colum raised his white-booted foot indifferently, and kicked through them. They exploded into dusty, tooth-coloured clouds of calcium.

Gideon the Ninth - Act Four, Chapter Thirty-Four"
DNfDsrgv?source=archive,Untitled,dgl_2,text,Wednesday 19th of August 2026 11:11:16 AM CDT,"Harrow had gone to stand over the quiet, punctured corpse of Teacher. She dropped to his side like a long-tailed crow. All Gideon could do was press herself back up against the wall, smell the blood, and feel absurdly empty. Her necromancer said, “You fixed nothing.”
“Harrow,” Palamedes said warningly.
“This man was a shell filled with a hundred souls,” said Harrow. The captain’s eyes flicked open, and stayed open. “He was a thing of ridiculous power—but he was a prototype. I doubt he had killed anyone before today. I would be astonished if he had a hand in the deaths of the Fourth and Fifth Houses, as he was created for the sole purpose of safeguarding the place. There is something a great deal more dangerous than an old experiment loose in the First House, and he could have helped us find out what it is. But now you’re going to die too, and you’ll never know the whole story.”

Gideon the Ninth - Act Four, Chapter Thirty-Two"
Q60Tq7H7?source=archive,Untitled,dgl_2,text,Wednesday 19th of August 2026 11:05:59 AM CDT,"Resting on the edge of the stone set into the table, there was a tooth. Palamedes picked it up. It was a premolar, with long and horrible roots: it was brown with age. He handed it to Harrow, who gently unfolded it in the way that only a bone magician could and in the way that always made Gideon’s jaw hurt. She turned it into a long ribbon of enamel, an orange with the skin taken off and flattened, a three-dimensional object turned two-dimensional.

Gideon the Ninth - Act Four, Chapter Thirty-Two"
vFw98aHE?source=archive,Untitled,dgl_2,text,Wednesday 19th of August 2026 11:02:41 AM CDT,"Harrow sighed. Then she rummaged in her pocket and took out a little nodule of bone, which she placed in the palm of her right hand. “All right,” she said. “Describe it for me.”
Palamedes stared at her.
“Hurry up,” she prompted. “I’m not waiting for the Second to find us.”
“It—I mean, it looked like a key,” he said. “It had a long shaft and some teeth. I don’t—I can’t just describe a molecular structure like it’s someone’s outfit.”
“Then how exactly am I meant to replicate it?” demanded Harrow. “I can’t—oh. No.”
“You did Imaging and Response, right? You must have, you got the key for it. Same deal. I’m going to think about the key, and you’re going to see it through my eyes.”
[...]
Palamedes closed his eyes. Harrow gnawed on her lip furiously, then closed hers too.
Nothing happened for a good thirty seconds. Gideon was dying to make a joke, just to get a reaction, when the tiny lump of matter in Harrow’s palm twitched. It flexed and began to stretch, forming a long, thin, cylindrical rod. Another few seconds passed, and a spine of bone extruded slowly from near one end. Then another.
Gideon was honestly impressed. In all the time Harrow had tormented her back on Drearburh, she had only ever used bones as seeds and starters—stitching them together into trip wires, grasping arms, kicking legs, biting skulls. This was something new. She was using bone like clay—a medium she could shape not just into one of a bunch of predetermined forms, but into something that had never existed before. It looked like it was giving her trouble too: her brow was furrowed, and the first faint traces of blood sweat gleamed on her slim throat.
“Focus, Sextus,” her necromancer gritted out. The object on her palm was now clearly a key: Gideon could see three individual teeth, twisting and flexing as Harrow filled in the fine detail. The whole length of the key quivered, and looked for a moment as though it would jump off her hand and fall to the floor, but then it abruptly lay still. Harrow opened her eyes, blinked, and peered at it suspiciously.
“This won’t work,” she said. “I’ve never had to work with something so small before.”
“That’s what she said,” murmured Gideon, sotto voce.
Palamedes opened his eyes too, and breathed a long sigh of what sounded like relief.
“It’ll be fine,” he said unconvincingly. “Come on. Let’s try it out.”
He headed for the black stone door, followed by Harrow, both cavaliers, and the five skeletons that Harrow had refused point-blank not to conjure on their way up here. He took the newly formed bone key, examined it, fitted it in the lock, and then turned it decisively to the left.
The mechanism went click.
“Oh, my God,” said Harrow.

Gideon the Ninth - Act Four, Chapter Thirty-Two"
Rd5168AZ?source=archive,Untitled,dgl_2,text,Wednesday 19th of August 2026 10:58:15 AM CDT,"“Beyond the doors there’s just the rock,” she said. “The rock and the tomb surrounded by water. I won’t bore you with the magic or the locks, or the wards or the barriers: just know that it took me a year to walk six steps inside, and that it nearly killed me then. There’s a blood ward bypass on the doors which will only respond for the Necromancer Divine, but I knew there had to be an exploit, a way through for the true and devout tomb-keeper. I knew in the end it had to open for me. The water’s salt, and it’s deep, and it moves with a tide that shouldn’t exist. The sepulchre itself is small, and the tomb…”

Gideon the Ninth - Act Four, Chapter Thirty-One"
8sXJsVh8?source=archive,Untitled,dgl_2,text,Wednesday 19th of August 2026 10:54:50 AM CDT,"Gideon’s toes found purchase and she stood, chest deep in water, goose-bumped all over from the cold. “What happened to praying that the tomb be shut forever and the rock never be rolled away?”
“My parents didn’t understand either, and that’s why they died,” said Harrowhark. “That’s why, when they knew I’d done it—that I’d rolled away the stone and that I’d gone through the monument and that I had seen the place where the body was buried—they thought I’d betrayed God. The Locked Tomb’s meant to house the one true enemy of the King Undying, Nav, something older than time, the cost of the Resurrection; the beast that he defeated once but can’t defeat twice. The abyss of the First. The death of the Lord. He left the grave with us for our safekeeping, and he trusted the ones who built the tomb a myriad ago to wall themselves up with the corpse and die there. But we didn’t. And that’s how the Ninth House was made.”
Gideon remembered Silas Octakiseron: The Eighth never forgot that the Ninth was never meant to be.
“Are you telling me that when you were ten years old—ten years old—you busted the lock on the tomb, broke into an ancient grave, and made your way past hideous old magic to look at a dead thing even though your parents told you it’d start the apocalypse?”
“Yes,” said Harrowhark.

Gideon the Ninth - Act Four, Chapter Thirty-One"
tZtLcjEt?source=archive,Untitled,dgl_2,text,Wednesday 19th of August 2026 10:51:19 AM CDT,"“Why leave me, though?” she demanded. “They murdered the rest of the House, but they left me off the list?”
There was a pause.
“We didn’t,” said Harrow.
“What?”
“You were meant to die, Griddle, along with all the others. You inhaled nerve gas for ten full minutes. My great-aunts went blind just from releasing it and you weren’t affected, even though you were just two cots away from the vent. You just didn’t die. My parents were terrified of you for the rest of their lives.”

Gideon the Ninth - Act Four, Chapter Thirty-One"
8JpKdsyV?source=archive,Untitled,dgl_2,text,Wednesday 19th of August 2026 10:49:37 AM CDT,"Gideon said, “You can’t just control whether or not you’re carrying a necro.”
“Yes, you can,” said Harrow. “If you have the resources, and are willing to pay the price of using them.”
The hairs on the back of Gideon’s neck rose, wetly.
“Harrow,” she said slowly, “by resources, are you saying—”
“Two hundred children,” said Harrowhark tiredly. “From the ages of six weeks to eighteen years. They needed to all die more or less simultaneously, for it to work. My great-aunts measured out the organophosphates after weeks of mathematics. Our House pumped them through the cooling system.”
From somewhere beneath the pool, a filter made blurting sounds as it recycled the spilloff. Harrow said, “The infants alone generated enough thanergy to take out the entire planet. Babies always do—for some reason.”

Gideon the Ninth - Act Four, Chapter Thirty-One"
At7EhDQh?source=archive,Untitled,dgl_2,text,Wednesday 19th of August 2026 10:41:13 AM CDT,"Once there, she tossed down two grubby knuckles from her pockets. A substantial skeleton sprang from each, unfurling. They stood before the door, linked elbows, and held it shut. She scattered another handful of chips like pale grain; skeletons rose, forming and expanding the bone as though bubbling up from it. They made themselves a perimeter around the whole room, pressing the knobbles of their spines against the old ceramic tile and standing to attention. Shoulder to shoulder they stood, as though bodyguards, or hideous chaperones.
Harrow turned to face Gideon, and her eyes were as black and inexorable as a gravity collapse.

Gideon the Ninth - Act Four, Chapter Thirty-One"
8ussCTC3?source=archive,Untitled,dgl_2,text,Wednesday 19th of August 2026 10:26:09 AM CDT,"Then she said smilingly: “You might have to, eventually. But I don’t mean him.”
She lunged. Gideon drew, because despite her brain’s long droning white noise her nervous system was still full of adrenaline. She slipped her hand into her gauntlet and was cautious when she met Corona’s shiny Third blade with her own—was surprised at the force behind the blow, at the manic energy in the other girl’s eyes. Gideon pushed down, forcing Corona’s blade aside—and Corona moved with her, sliding her blade down with the pressure, her footwork taking her into a beautiful disengage. She pressed, and it was only a hasty parry on Gideon’s part that kept the Princess at bay.
Corona was breathing hard. For a moment Gideon thought that this was the necromancer weakness coming to bear—the lungs already sagging under the strain—but she realised that Corona was excited, and also very nervous. It was like the queenly, confident Corona of old, masked over badly damaged stuffing. This lasted just a moment.

Gideon the Ninth - Act Four, Chapter Twenty-Nine"
4ZWk0q1a?source=archive,Untitled,dgl_2,text,Wednesday 19th of August 2026 10:07:07 AM CDT,"“I see you calling my bluff and I resent it,” said Gideon. “So, hey. What do you really use when you’re not pretending the rapier’s your main wield? Two short blades of equal length, or one blade and one baton?”
Her keen eyes narrowed into black-lined slits. “How did I mess up?” she asked, eventually.
“You drew your rapier and your dagger at the same time. And you’re ambidextrous. You keep cutting like both your blades are curved. Also, there’s six swords and a nightstick on your bed.”
“Should’ve tidied my mess,” admitted Camilla. “Two blades. Double-edged.”

Gideon the Ninth - Act Four, Chapter Twenty-Seven"
u8jEeHky?source=archive,Skill Tree UI,Stannellc,C#,Wednesday 19th of August 2026 08:37:50 AM CDT,"using System.Collections.Generic;
using UnityEngine;
using UnityEngine.UI;
using TMPro;

/// <summary>
/// Manages the UI display for the skill tree, dynamically creating buttons
/// and updating their state based on player progression.
/// </summary>
public class SkillTreeUI : MonoBehaviour
{
    [Header(""UI References"")]
    [Tooltip(""The parent transform where all skill buttons will be instantiated."")]
    public Transform skillButtonParent;
    [Tooltip(""The prefab for a single skill button."")]
    public GameObject skillButtonPrefab;
    [Tooltip(""Text element to display the player's available skill points."")]
    public TextMeshProUGUI availableSkillPointsText;

    [Header(""Skill Info Pop-up"")]
    [Tooltip(""The panel that displays the skill information."")]
    public GameObject skillInfoPopupPanel;
    [Tooltip(""Text element for the skill's name in the pop-up."")]
    public TextMeshProUGUI skillNameText;
    [Tooltip(""Text element for the skill's description in the pop-up."")]
    public TextMeshProUGUI skillDescriptionText;
    [Tooltip(""Text element for the skill's cost in the pop-up."")]
    public TextMeshProUGUI skillCostText;
    [Tooltip(""The button to learn the skill from the pop-up."")]
    public Button learnSkillButton;

    private SkillTreeManager skillTreeManager;
    private PlayerProgression playerProgression;
    private Dictionary<string, GameObject> skillButtons = new Dictionary<string, GameObject>();
    private string activeSkillID;

    private void Start()
    {
        // Get references to the singleton managers
        skillTreeManager = SkillTreeManager.Instance;
        playerProgression = PlayerProgression.Instance;

        if (skillTreeManager == null || playerProgression == null)
        {
            Debug.LogError(""Required managers not found. Ensure SkillTreeManager and PlayerProgression are in the scene."");
            return;
        }

        // Subscribe to events to refresh the UI
        skillTreeManager.OnSkillLearned.AddListener(RefreshUI);
        playerProgression.OnSkillPointChanged.AddListener(RefreshUI);

        PopulateSkillTreeUI();
        RefreshUI();

        // Hide the pop-up panel at the start
        if (skillInfoPopupPanel != null)
        {
            skillInfoPopupPanel.SetActive(false);
        }
    }

    private void OnDestroy()
    {
        // Unsubscribe from events to prevent memory leaks
        if (skillTreeManager != null)
        {
            skillTreeManager.OnSkillLearned.RemoveListener(RefreshUI);
        }
        if (playerProgression != null)
        {
            playerProgression.OnSkillPointChanged.RemoveListener(RefreshUI);
        }
    }

    /// <summary>
    /// Instantiates buttons for all skills defined in the Skill Tree ScriptableObject.
    /// </summary>
    private void PopulateSkillTreeUI()
    {
        // This line was updated to get the ScriptableObject directly from the manager.
        SkillTree skillTreeData = skillTreeManager.GetComponent<SkillTreeManager>().skillTreeData;
        
        foreach (Skill skill in skillTreeData.skills)
        {
            GameObject newButton = Instantiate(skillButtonPrefab, skillButtonParent);
            skillButtons[skill.skillID] = newButton;
            
            // Get the button's components
            Button buttonComponent = newButton.GetComponent<Button>();
            TextMeshProUGUI skillNameText = newButton.GetComponentInChildren<TextMeshProUGUI>();
            Image skillIcon = newButton.GetComponentInChildren<Image>(); // Assuming the image is a child

            // Set the skill button's text and icon
            if (skillNameText != null) skillNameText.text = skill.skillName;
            if (skillIcon != null && skill.icon != null) skillIcon.sprite = skill.icon;
            
            // Add a listener to the button's click event
            buttonComponent.onClick.AddListener(() => OnSkillButtonClicked(skill.skillID));
        }
    }

    /// <summary>
    /// Refreshes the state of all skill buttons based on player progression.
    /// </summary>
    private void RefreshUI()
    {
        // Update the available skill points text
        if (availableSkillPointsText != null)
        {
            availableSkillPointsText.text = $""Skill Points: {playerProgression.GetSkillPoints()}"";
        }

        foreach (var pair in skillButtons)
        {
            string skillID = pair.Key;
            GameObject buttonObject = pair.Value;
            Button buttonComponent = buttonObject.GetComponent<Button>();
            
            // Check if the skill has been learned
            if (skillTreeManager.IsSkillLearned(skillID))
            {
                // Skill is learned: Disable the button and change its appearance
                buttonComponent.interactable = false;
                buttonComponent.image.color = Color.gray; // Example: change color to gray
            }
            else
            {
                // Skill is not learned: Check if it's learnable
                bool canLearn = CanLearnSkill(skillID);
                buttonComponent.interactable = canLearn;
                // Example: change color to green if learnable, red if not
                buttonComponent.image.color = canLearn ? Color.green : Color.red; 
            }
        }
    }
    
    /// <summary>
    /// Checks if a skill is currently learnable (has prerequisites and skill points).
    /// </summary>
    private bool CanLearnSkill(string skillID)
    {
        Skill skillData = skillTreeManager.GetSkillData(skillID);
        if (skillData == null) return false;

        // Check if player has enough skill points
        if (playerProgression.GetSkillPoints() < skillData.skillPointCost)
        {
            return false;
        }

        // Check if prerequisites are met
        foreach (string prereqID in skillData.prerequisites)
        {
            if (!skillTreeManager.IsSkillLearned(prereqID))
            {
                return false;
            }
        }

        return true;
    }

    /// <summary>
    /// Called when a skill button is clicked.
    /// </summary>
    /// <param name=""skillID"">The unique ID of the skill associated with the button.</param>
    private void OnSkillButtonClicked(string skillID)
    {
        // Show the info pop-up instead of trying to learn immediately.
        ShowSkillPopup(skillID);
    }
    
    /// <summary>
    /// Displays the skill info pop-up and populates it with data.
    /// </summary>
    /// <param name=""skillID"">The ID of the skill to display.</param>
    public void ShowSkillPopup(string skillID)
    {
        Skill skillData = skillTreeManager.GetSkillData(skillID);
        if (skillData == null) return;

        // Store the active skill ID to learn it later
        activeSkillID = skillID;

        // Populate the pop-up with skill data
        skillNameText.text = skillData.skillName;
        skillDescriptionText.text = skillData.description;
        skillCostText.text = $""Cost: {skillData.skillPointCost} SP"";

        // Enable the ""Learn"" button if the skill is learnable
        learnSkillButton.interactable = CanLearnSkill(skillID);

        // Show the panel
        skillInfoPopupPanel.SetActive(true);
    }

    /// <summary>
    /// Called by the UI button to attempt learning the active skill.
    /// </summary>
    public void LearnSkillFromPopup()
    {
        skillTreeManager.TryLearnSkill(activeSkillID);
        skillInfoPopupPanel.SetActive(false);
    }

    /// <summary>
    /// Hides the skill info pop-up.
    /// </summary>
    public void HideSkillPopup()
    {
        skillInfoPopupPanel.SetActive(false);
    }
}"
